{
  "eyes_left": {
    "raw": {
      "acc": 0.6150333333333334,
      "std": 0.0034836124290103564,
      "f1": 0.6131199804871893,
      "n": 30000
    },
    "clean": {
      "acc": 0.6437333333333334,
      "std": 0.002683695627716068,
      "f1": 0.6425813057729199,
      "n": 30000
    }
  },
  "eyes_right": {
    "raw": {
      "acc": 0.6171333333333333,
      "std": 0.0006548960901463016,
      "f1": 0.6154360497977915,
      "n": 30000
    },
    "clean": {
      "acc": 0.6401333333333333,
      "std": 0.0026662499674428492,
      "f1": 0.6385476252874008,
      "n": 30000
    }
  },
  "nose": {
    "raw": {
      "acc": 0.7501333333333333,
      "std": 0.003073904502239605,
      "f1": 0.7481746396947441,
      "n": 30000
    },
    "clean": {
      "acc": 0.7754666666666669,
      "std": 0.0023584363935078324,
      "f1": 0.7737719354606002,
      "n": 30000
    }
  },
  "mouth": {
    "raw": {
      "acc": 0.7520333333333333,
      "std": 0.0016357125528513737,
      "f1": 0.7492866456052601,
      "n": 30000
    },
    "clean": {
      "acc": 0.7695666666666666,
      "std": 0.001649915822768616,
      "f1": 0.7673025268634629,
      "n": 30000
    }
  },
  "forehead": {
    "raw": {
      "acc": 0.45016666666666666,
      "std": 0.0029169999809545446,
      "f1": 0.45058811804023696,
      "n": 30000
    },
    "clean": {
      "acc": 0.45080000000000003,
      "std": 0.0017281975195754275,
      "f1": 0.4508702543259892,
      "n": 30000
    }
  },
  "chin": {
    "raw": {
      "acc": 0.5672333333333333,
      "std": 0.004910080334260172,
      "f1": 0.5634880622708255,
      "n": 30000
    },
    "clean": {
      "acc": 0.5846333333333334,
      "std": 0.0008219218670625297,
      "f1": 0.5809072817640835,
      "n": 30000
    }
  },
  "cheek_left": {
    "raw": {
      "acc": 0.6194333333333333,
      "std": 0.005853963519606952,
      "f1": 0.6150643060616422,
      "n": 30000
    },
    "clean": {
      "acc": 0.6311,
      "std": 0.0021924111536540413,
      "f1": 0.6273175770664475,
      "n": 30000
    }
  },
  "cheek_right": {
    "raw": {
      "acc": 0.6144666666666666,
      "std": 0.002993697082575707,
      "f1": 0.6101866772301238,
      "n": 30000
    },
    "clean": {
      "acc": 0.6328666666666667,
      "std": 0.0059695523748063365,
      "f1": 0.6285078213466365,
      "n": 30000
    }
  },
  "POOLED": {
    "raw": {
      "acc": 0.8153666666666667,
      "std": 0.0026637484032009727,
      "f1": 0.814546898275417,
      "n": 30000
    },
    "clean": {
      "acc": 0.8432333333333334,
      "std": 0.0009877021593352638,
      "f1": 0.8426931299277208,
      "n": 30000
    }
  }
}