{
  "classes_ko": [
    "기쁨",
    "분노",
    "슬픔",
    "중립"
  ],
  "results": {
    "M_20s": {
      "acc_mean": 0.7986526946107785,
      "acc_std": 0.0010585430856085928,
      "f1_mean": 0.7984042067824991,
      "per_class_f1": {
        "0": 0.8897372779400895,
        "1": 0.7567487548464854,
        "2": 0.7639534237448546,
        "3": 0.7831773705985671
      },
      "n_used": 4008,
      "per_class_n": 1002
    },
    "M_30s": {
      "acc_mean": 0.8323353293413174,
      "acc_std": 0.0060191307793486986,
      "f1_mean": 0.832198685706024,
      "per_class_f1": {
        "0": 0.9050884395192136,
        "1": 0.8089020197490481,
        "2": 0.8065932432617678,
        "3": 0.8082110402940662
      },
      "n_used": 4008,
      "per_class_n": 1002
    },
    "M_40s": {
      "acc_mean": 0.8288423153692616,
      "acc_std": 0.003014732029339983,
      "f1_mean": 0.8289065306117894,
      "per_class_f1": {
        "0": 0.879753137515893,
        "1": 0.7826751114626479,
        "2": 0.8070188464254454,
        "3": 0.8461790270431712
      },
      "n_used": 4008,
      "per_class_n": 1002
    },
    "F_20s": {
      "acc_mean": 0.8061377245508982,
      "acc_std": 0.00720535383143398,
      "f1_mean": 0.8059583341699638,
      "per_class_f1": {
        "0": 0.9329560336850032,
        "1": 0.7659183602126717,
        "2": 0.7487893507971957,
        "3": 0.7761695919849846
      },
      "n_used": 4008,
      "per_class_n": 1002
    },
    "F_30s": {
      "acc_mean": 0.7971556886227545,
      "acc_std": 0.013007595207322432,
      "f1_mean": 0.797532038953395,
      "per_class_f1": {
        "0": 0.9132850134869178,
        "1": 0.7525615587324225,
        "2": 0.7305573538579581,
        "3": 0.7937242297362812
      },
      "n_used": 4008,
      "per_class_n": 1002
    },
    "F_40s": {
      "acc_mean": 0.8221057884231536,
      "acc_std": 0.01640267456476405,
      "f1_mean": 0.8222816307322045,
      "per_class_f1": {
        "0": 0.9048531958674912,
        "1": 0.7759110562123231,
        "2": 0.7873389360321932,
        "3": 0.8210233348168101
      },
      "n_used": 4008,
      "per_class_n": 1002
    },
    "F_50+": {
      "acc_mean": 0.8273453093812376,
      "acc_std": 0.004160012974184904,
      "f1_mean": 0.8274918469111974,
      "per_class_f1": {
        "0": 0.8829725971304132,
        "1": 0.7921258622025885,
        "2": 0.8006023141490006,
        "3": 0.8342666141627874
      },
      "n_used": 4008,
      "per_class_n": 1002
    },
    "ALL_CLEAN": {
      "acc_mean": 0.778692614770459,
      "acc_std": 0.01182434691723834,
      "f1_mean": 0.7786381268927981,
      "per_class_f1": {
        "0": 0.8849560991544703,
        "1": 0.7293940365873918,
        "2": 0.7402493315754919,
        "3": 0.7599530402538387
      },
      "n_used": 4008,
      "per_class_n": 1002
    }
  },
  "fairness_gap_pct": 3.5179640718562832,
  "max_group": "M_30s",
  "min_group": "F_30s"
}