{
  "region_only_PCA256": {
    "acc_mean": 0.8158666666666666,
    "acc_std": 0.003821285414912404,
    "f1_mean": 0.815039878282735
  },
  "region+landmark (exp_008 best)": {
    "acc_mean": 0.8447999999999999,
    "acc_std": 0.002616613587572032,
    "f1_mean": 0.8441650345354321
  },
  "region+graph (exp_006 style)": {
    "acc_mean": 0.8214333333333333,
    "acc_std": 0.003007028803025024,
    "f1_mean": 0.8208657552081947
  },
  "region+landmark+graph (3-way)": {
    "acc_mean": 0.8494333333333333,
    "acc_std": 0.0009177266598624509,
    "f1_mean": 0.8490826151345464
  }
}