{
  "baseline": {
    "acc_mean": 0.8153666666666667,
    "acc_std": 0.0026637484032009727,
    "f1_mean": 0.814546898275417
  },
  "concat_knn_mean": {
    "acc_mean": 0.8208666666666667,
    "acc_std": 0.004497653709312119,
    "f1_mean": 0.8203043053950271
  },
  "concat_knn_consensus_weighted": {
    "acc_mean": 0.8215333333333333,
    "acc_std": 0.002740235188608584,
    "f1_mean": 0.8209584021418865
  }
}