{
  "landmark_only (17d)": {
    "acc": 0.801,
    "std": 0.0028577380332470695,
    "f1": 0.7999801937241063,
    "dim": 17
  },
  "region_only (8192d)": {
    "acc": 0.8434333333333334,
    "std": 0.0006342099196813796,
    "f1": 0.8428770776347231,
    "dim": 8192
  },
  "region + landmark (8209d)": {
    "acc": 0.8432333333333334,
    "std": 0.0008498365855988055,
    "f1": 0.8426733458322198,
    "dim": 8209
  },
  "region_PCA256 + landmark (273d)": {
    "acc": 0.8690333333333333,
    "std": 0.0012657891697364987,
    "f1": 0.8686248142615985,
    "dim": 273
  }
}