{
  "MobileViT-v2-150 | eyes_left": {
    "acc_mean": 0.5771000000000001,
    "acc_std": 0.003418576701884344,
    "macro_f1_mean": 0.5752746269888038,
    "macro_f1_std": 0.003299648962473734,
    "cm_normalized": [
      [
        0.6289333333333333,
        0.10186666666666666,
        0.13493333333333332,
        0.13426666666666667
      ],
      [
        0.12733333333333333,
        0.5057333333333333,
        0.1516,
        0.21533333333333335
      ],
      [
        0.1628,
        0.15853333333333333,
        0.5089333333333333,
        0.16973333333333332
      ],
      [
        0.092,
        0.1628,
        0.0804,
        0.6648
      ]
    ],
    "kmeans_ari": 0.040391875696568304,
    "pca_explained_var": 0.9800524115562439,
    "n_samples_used": 30000,
    "pca_dim": 256
  },
  "MobileViT-v2-150 | eyes_right": {
    "acc_mean": 0.5823,
    "acc_std": 0.0023036203390894403,
    "macro_f1_mean": 0.5807967709957137,
    "macro_f1_std": 0.0021635362112815415,
    "cm_normalized": [
      [
        0.6401333333333333,
        0.09586666666666667,
        0.12053333333333333,
        0.1434666666666667
      ],
      [
        0.11786666666666668,
        0.506,
        0.164,
        0.21213333333333334
      ],
      [
        0.14373333333333332,
        0.16506666666666667,
        0.5248,
        0.1664
      ],
      [
        0.1088,
        0.152,
        0.08093333333333334,
        0.6582666666666667
      ]
    ],
    "kmeans_ari": 0.024939767247542592,
    "pca_explained_var": 0.980202317237854,
    "n_samples_used": 30000,
    "pca_dim": 256
  },
  "MobileViT-v2-150 | nose": {
    "acc_mean": 0.6871,
    "acc_std": 0.0033674916480965424,
    "macro_f1_mean": 0.6854641574488194,
    "macro_f1_std": 0.003197183525503614,
    "cm_normalized": [
      [
        0.8558666666666666,
        0.06213333333333334,
        0.053066666666666665,
        0.028933333333333332
      ],
      [
        0.0796,
        0.5929333333333333,
        0.14373333333333332,
        0.18373333333333333
      ],
      [
        0.06986666666666666,
        0.1304,
        0.5885333333333334,
        0.2112
      ],
      [
        0.0264,
        0.10013333333333334,
        0.1624,
        0.7110666666666667
      ]
    ],
    "kmeans_ari": 0.07624232928043875,
    "pca_explained_var": 0.9830771088600159,
    "n_samples_used": 30000,
    "pca_dim": 256
  },
  "MobileViT-v2-150 | mouth": {
    "acc_mean": 0.7185,
    "acc_std": 0.002981051268708181,
    "macro_f1_mean": 0.7157582983384269,
    "macro_f1_std": 0.0030187848637489587,
    "cm_normalized": [
      [
        0.8929333333333332,
        0.04933333333333332,
        0.040799999999999996,
        0.01693333333333333
      ],
      [
        0.078,
        0.6258666666666667,
        0.12093333333333332,
        0.1752
      ],
      [
        0.07813333333333333,
        0.12533333333333332,
        0.6053333333333333,
        0.1912
      ],
      [
        0.019333333333333334,
        0.09386666666666667,
        0.13693333333333332,
        0.7498666666666667
      ]
    ],
    "kmeans_ari": 0.18392768376844845,
    "pca_explained_var": 0.9829503297805786,
    "n_samples_used": 30000,
    "pca_dim": 256
  },
  "MobileViT-v2-150 | forehead": {
    "acc_mean": 0.3901666666666667,
    "acc_std": 0.002441766209575,
    "macro_f1_mean": 0.3896997554526984,
    "macro_f1_std": 0.0025911888572043747,
    "cm_normalized": [
      [
        0.36773333333333336,
        0.182,
        0.1368,
        0.31346666666666667
      ],
      [
        0.16906666666666667,
        0.39586666666666664,
        0.27466666666666667,
        0.1604
      ],
      [
        0.13639999999999997,
        0.24919999999999995,
        0.46546666666666664,
        0.1489333333333333
      ],
      [
        0.3433333333333333,
        0.1768,
        0.14826666666666669,
        0.3316
      ]
    ],
    "kmeans_ari": 0.0016767205341061285,
    "pca_explained_var": 0.9744997620582581,
    "n_samples_used": 30000,
    "pca_dim": 256
  },
  "MobileViT-v2-150 | chin": {
    "acc_mean": 0.5438666666666667,
    "acc_std": 0.006745533501675198,
    "macro_f1_mean": 0.5407460857030693,
    "macro_f1_std": 0.006276055249333081,
    "cm_normalized": [
      [
        0.692,
        0.13093333333333332,
        0.07386666666666666,
        0.1032
      ],
      [
        0.20426666666666668,
        0.4293333333333333,
        0.1512,
        0.2152
      ],
      [
        0.12986666666666669,
        0.142,
        0.5266666666666667,
        0.20146666666666668
      ],
      [
        0.13546666666666668,
        0.1684,
        0.1686666666666667,
        0.5274666666666668
      ]
    ],
    "kmeans_ari": 0.00547259407351347,
    "pca_explained_var": 0.9740867614746094,
    "n_samples_used": 30000,
    "pca_dim": 256
  },
  "MobileViT-v2-150 | cheek_left": {
    "acc_mean": 0.5736666666666667,
    "acc_std": 0.0026042699979499876,
    "macro_f1_mean": 0.568533583946219,
    "macro_f1_std": 0.002985241430578627,
    "cm_normalized": [
      [
        0.8016,
        0.0736,
        0.09253333333333334,
        0.032266666666666666
      ],
      [
        0.10493333333333332,
        0.4597333333333333,
        0.17613333333333334,
        0.2592
      ],
      [
        0.13786666666666667,
        0.184,
        0.4189333333333333,
        0.2592
      ],
      [
        0.0348,
        0.17146666666666668,
        0.17933333333333332,
        0.6144
      ]
    ],
    "kmeans_ari": 0.010294848337312968,
    "pca_explained_var": 0.9774217009544373,
    "n_samples_used": 30000,
    "pca_dim": 256
  },
  "MobileViT-v2-150 | cheek_right": {
    "acc_mean": 0.5961,
    "acc_std": 0.0006164414002968777,
    "macro_f1_mean": 0.5920113297558609,
    "macro_f1_std": 0.00044301897830463407,
    "cm_normalized": [
      [
        0.8133333333333335,
        0.07333333333333335,
        0.08346666666666668,
        0.029866666666666673
      ],
      [
        0.1016,
        0.4834666666666667,
        0.1684,
        0.24653333333333335
      ],
      [
        0.11746666666666668,
        0.18733333333333332,
        0.4576,
        0.2376
      ],
      [
        0.03413333333333333,
        0.16093333333333332,
        0.17493333333333333,
        0.63
      ]
    ],
    "kmeans_ari": 0.013213714133006786,
    "pca_explained_var": 0.9794681668281555,
    "n_samples_used": 30000,
    "pca_dim": 256
  },
  "MobileViT-v2-150 | POOLED-8region": {
    "acc_mean": 0.8022333333333332,
    "acc_std": 0.0016213848676020508,
    "macro_f1_mean": 0.8012236617646541,
    "macro_f1_std": 0.0018460428071510081,
    "cm_normalized": [
      [
        0.9290666666666668,
        0.03226666666666667,
        0.02186666666666667,
        0.016800000000000002
      ],
      [
        0.044533333333333334,
        0.7122666666666667,
        0.1168,
        0.1264
      ],
      [
        0.030266666666666667,
        0.104,
        0.7394666666666667,
        0.12626666666666667
      ],
      [
        0.017866666666666666,
        0.082,
        0.072,
        0.8281333333333334
      ]
    ],
    "kmeans_ari": 0.08020762033176364,
    "pca_explained_var": 0.6985278129577637,
    "n_samples_used": 30000,
    "pca_dim": 256
  },
  "ConvNeXt-base-22k | eyes_left": {
    "acc_mean": 0.6150333333333334,
    "acc_std": 0.0034836124290103564,
    "macro_f1_mean": 0.6131199804871893,
    "macro_f1_std": 0.0037392685539505534,
    "cm_normalized": [
      [
        0.6750666666666667,
        0.08706666666666667,
        0.1252,
        0.11266666666666668
      ],
      [
        0.10386666666666668,
        0.566,
        0.1317333333333333,
        0.1984
      ],
      [
        0.15773333333333336,
        0.1506666666666667,
        0.5209333333333334,
        0.17066666666666672
      ],
      [
        0.0824,
        0.14653333333333332,
        0.07293333333333334,
        0.6981333333333333
      ]
    ],