{
  "baseline": {
    "acc_mean": 0.8432333333333334,
    "acc_std": 0.0009877021593352638,
    "f1_mean": 0.8426931299277208
  },
  "concat_knn_mean": {
    "acc_mean": 0.8497,
    "acc_std": 0.0016329931618554536,
    "f1_mean": 0.849274313441348
  },
  "concat_knn_consensus_weighted": {
    "acc_mean": 0.8497,
    "acc_std": 0.0016329931618554536,
    "f1_mean": 0.849274313441348
  }
}