{
  "region_only": {
    "acc": 0.8414999999999999,
    "std": 0.004169732205629843,
    "f1": 0.8409181373794458,
    "dim": 8192
  },
  "au_only": {
    "acc": 0.6185,
    "std": 0.003706750598570148,
    "f1": 0.6167305859136446,
    "dim": 41
  },
  "region+au": {
    "acc": 0.8420666666666667,
    "std": 0.004187547678003859,
    "f1": 0.8414637493612004,
    "dim": 8233
  }
}