{
  "region_only_PCA256": {
    "acc_mean": 0.8434333333333334,
    "acc_std": 0.0006342099196813796,
    "f1_mean": 0.8428770776347231
  },
  "region+landmark (exp_008 best)": {
    "acc_mean": 0.8690333333333333,
    "acc_std": 0.0012657891697364987,
    "f1_mean": 0.8686248142615985
  },
  "region+graph (exp_006 style)": {
    "acc_mean": 0.8487999999999999,
    "acc_std": 0.0011430952132988458,
    "f1_mean": 0.8484145160892202
  },
  "region+landmark+graph (3-way)": {
    "acc_mean": 0.8755999999999999,
    "acc_std": 0.0005099019513592731,
    "f1_mean": 0.8753342378091548
  }
}