{
  "classes_ko": [
    "기쁨",
    "분노",
    "슬픔",
    "중립"
  ],
  "results": {
    "region_raw": {
      "acc_mean": 0.8153666666666667,
      "acc_std": 0.0026637484032009727,
      "f1_mean": 0.814546898275417,
      "f1_std": 0.002709080558884491,
      "per_class_f1": {
        "0": 0.9661576288447643,
        "1": 0.8525364132649639,
        "2": 0.8513020462721032,
        "3": 0.9146132790121263
      },
      "n_used": 30000,
      "dim": 8192
    },
    "region_clean": {
      "acc_mean": 0.8432333333333334,
      "acc_std": 0.0009877021593352638,
      "f1_mean": 0.8426931299277208,
      "f1_std": 0.0011981584401885145,
      "per_class_f1": {
        "0": 0.9725970550483902,
        "1": 0.8751246336122298,
        "2": 0.8795260839885618,
        "3": 0.9265561839554096
      },
      "n_used": 30000,
      "dim": 8192
    },
    "au_raw": {
      "acc_mean": 0.5971333333333334,
      "acc_std": 0.0052689868307125385,
      "f1_mean": 0.5952309228984273,
      "f1_std": 0.0053712046118448665,
      "per_class_f1": {
        "0": 0.8556558512299582,
        "1": 0.698971968943017,
        "2": 0.7201684020095075,
        "3": 0.7018593642913062
      },
      "n_used": 30000,
      "dim": 41
    },
    "au_clean": {
      "acc_mean": 0.6185,
      "acc_std": 0.003706750598570148,
      "f1_mean": 0.6167305859136446,
      "f1_std": 0.0037064754088961547,
      "per_class_f1": {
        "0": 0.8641507430722428,
        "1": 0.719569949258073,
        "2": 0.741183484304271,
        "3": 0.7198771598022776
      },
      "n_used": 30000,
      "dim": 41
    },
    "region_rejected": {
      "acc_mean": 0.6273602470127274,
      "acc_std": 0.0029928092056798966,
      "f1_mean": 0.6252483540642712,
      "f1_std": 0.002172625084082577,
      "per_class_f1": {
        "0": 0.9019180574395559,
        "1": 0.6973303691281633,
        "2": 0.7109164568874632,
        "3": 0.7504147646525698
      },
      "n_used": 9956,
      "dim": 8192
    },
    "au_rejected": {
      "acc_mean": 0.49084138486312395,
      "acc_std": 0.009865177741419337,
      "f1_mean": 0.4851053439790782,
      "f1_std": 0.00929262820613314,
      "per_class_f1": {
        "0": 0.8010561990715551,
        "1": 0.6018293895686597,
        "2": 0.6814069217630685,
        "3": 0.5156726763910738
      },
      "n_used": 9936,
      "dim": 41
    }
  }
}